5/5:,"""Fast shipping, great product."""," Sari, 8 February 2016"
5/5:,"""good"""," mehul , 8 February 2016"
5/5:,"""Very good product....."""," CHINTAMONI P., 8 February 2016"
5/5:,"""Company easy to work with, quick to resolve problems A+"""," Sari, 8 February 2016"
3/5:,"""the blades are bloody deadly :("""," medha, 8 February 2016"
5/5:,""":)"""," medha, 8 February 2016"
4/5:,"""Really good. But no warranty card. Hope it really continues to work well."""," NAGENDIRAN S, 8 February 2016"
5/5:,"""Fast shipping, great product."""," Sari, 8 February 2016"
4/5:,"""VOYAGE is a descent deo which I am using for a long time."""," NAGENDIRAN S, 8 February 2016"
5/5:,"""Excallent"""," Amazon Customer, 8 February 2016"
5/5:,"""great helmet ."""," nikita, 8 February 2016"
5/5:,"""came by amazon courier service.had to go to their office and pick up since they said that there is no delivery to my place.why is it so ?.this is an inconvenience.If you promise door delivery do that."""," brejesh varma, 8 February 2016"
4/5:,"""Goood product"""," Amazon Customer, 8 February 2016"
5/5:,"""good job"""," Amazon Customer, 8 February 2016"
1/5:,"""Product was expiry date"""," nihar monani, 8 February 2016"
4/5:,"""ok"""," RASIKA S. MAHANTA, 8 February 2016"
4/5:,"""Hurray i ordered for 48 and i got 48+4 pack good seller"""," Amazon Customer, 8 February 2016"
3/5:,"""Order Date: 3 February 2016
Order #: 404-8972543-6661105
Replacement is awaited"""," Amazon Customer, 8 February 2016"
"<span style=""text-decoration:line-through"">3/5</span>","""Order Date: 3 February 2016
Order #: 404-8972543-6661105
Waiting for replacement, erroneously clicked cancellation. Kindly confirm if replacement can be sent as per delivery"""," Amazon Customer, 8 February 2016",<b>Message from Amazon:</b>
4/5:,"""good product gives shine to old plastic parts of vehicle"""," BIYA.A.V, 8 February 2016"
4/5:,"""good"""," RASIKA S. MAHANTA, 8 February 2016"
4/5:,"""good"""," Dr Ramesh, 8 February 2016"
5/5:,"""Nice product nice camera and display"""," Amazon Customer, 8 February 2016"
4/5:,"""Delivered before time"""," Muralidhar M., 8 February 2016"
4/5:,"""good service"""," Amazon Customer, 8 February 2016"
4/5:,"""shape not good"""," krishnaraj p, 8 February 2016"
1/5:,"""Very Bad Services...I m not satisfied....."""," Trushal, 8 February 2016"
5/5:,"""Very Happy with the product."""," Rajesh Kumar P, 8 February 2016"
1/5:,"""package returned as it was opened"""," sm, 8 February 2016"
5/5:,"""the service is very good, the product arrived before one day"""," Amazon Customer, 8 February 2016"
5/5:,"""Very Happy with the product."""," Rajesh Kumar P, 8 February 2016"
1/5:,"""What the hell is going on? The courier partner is playing with me. What the fucking service.."""," Abhisek , 8 February 2016"
4/5:,"""Had a good experience."""," Amazon Customer, 8 February 2016"
5/5:,"""very good"""," sree , 8 February 2016"
5/5:,"""Item is as described."""," Prajith , 8 February 2016"
5/5:,"""Fantastic experience"""," Amazon Customer, 8 February 2016"
5/5:,"""Happy with delivery"""," Rajesh Kumar P, 8 February 2016"
1/5:,"""Hi,

The Courier guy did not come to collect return parcel."""," Rauji salgaonkar, 8 February 2016"
4/5:,"""good service...,fast delivery"""," Amazon Customer, 8 February 2016"
3/5:,"""it was okay"""," Ankita N., 8 February 2016"
5/5:,"""Delivery was on time"""," Rohit , 8 February 2016"
1/5:,"""lipstick was complete BROKEN AND MELTED. How can they sell such product. Its simply waste of our money. You people are cheating us by doing this."""," Amazon Customer, 8 February 2016"
4/5:,"""The item was good"""," Esther B., 8 February 2016"
5/5:,"""great"""," Ajay P., 8 February 2016"
5/5:,"""Excellent works very well with all the devices.Nice compatibility."""," Tejas Tikhe, 8 February 2016"
5/5:,"""great."""," Ajay P., 8 February 2016"
5/5:,"""great."""," Ajay P., 8 February 2016"
5/5:,"""very nice product."""," Amazon Customer, 8 February 2016"
5/5:,"""it was very quick to get this one.. it works"""," P-a-d-d-y, 8 February 2016"
5/5:,"""items coming in first February"""," ajayakumar.cr , 8 February 2016"
5/5:,"""good"""," sanjib, 8 February 2016"
4/5:,"""Nice Product, fit is fine too"""," Mani Singh, 8 February 2016"
5/5:,"""product was nice and well fitted on me and packaging was too good."""," Amazon Customer, 8 February 2016"
5/5:,"""Good Quality"""," Krunal, 8 February 2016"
4/5:,"""Good sandals"""," rajendra deshmukh, 8 February 2016"
1/5:,"""The shirt i received is diffetent from the pics.
i've received the shirt with green dots on it, but i ordered the shirt with blue dots on it (which is same as in the pic)."""," Amazon Customer, 8 February 2016"
5/5:,"""verr good produt"""," G.VIJAY K., 8 February 2016"
5/5:,"""Quick shipping."""," Anju, 8 February 2016"
1/5:,"""Worst seller , wrong delivery date"""," yash jain, 8 February 2016"
4/5:,"""Delivery well ahead."""," Emmanual AJ, 8 February 2016"
5/5:,"""good product @ cheap price when compared to local market"""," K M., 8 February 2016"
3/5:,"""Product is satisfactory."""," Amazon Customer, 8 February 2016"
5/5:,"""Great Product"""," Deepak Chetia, 8 February 2016"
3/5:,"""FAIR"""," diveshdik , 8 February 2016"
5/5:,"""Good seller."""," Anand V, 8 February 2016"
5/5:,"""Item(s) arrived well in time and in good condition. Top Class Seller."""," Anand V, 8 February 2016"
5/5:,"""good"""," Jitendra B. Patel, 8 February 2016"
4/5:,"""very good"""," Mohamed U., 8 February 2016"
5/5:,"""Good service and product is as described by the seller."""," SRIKANTH G.K, 8 February 2016"
4/5:,"""Good product"""," Suresh M Dubey, 8 February 2016"
5/5:,"""Good"""," Amazon Customer, 8 February 2016"
5/5:,"""Excellent delivery by Amazon...as always!  Item was delivered  3 days in advance.  As the delivery was to an old woman, the delivery person had taken personal care in delivering the package at a time convenient to her.  Thanks!"""," appu, 8 February 2016"
4/5:,"""good experience"""," Suryakant S., 8 February 2016"
4/5:,"""Good service & good offers from cloudtail...."""," Rinky M., 8 February 2016"
5/5:,"""Very prompt delivery & item exactly as described"""," Amazon Customer, 8 February 2016"
5/5:,"""Safely delivered, on time."""," Anju, 8 February 2016"
5/5:,"""AS promised!"""," Amazon Customer, 8 February 2016"
4/5:,"""Heat upto 41% while I'm uploading a video. And amazon app can't be cleared on closing tabs. Soft key does not work well.(backey). While. During usage. Liquid splash in between display."""," Amazon Customer, 8 February 2016"
5/5:,"""nice product as per description ."""," pankaj malhotra, 8 February 2016"
5/5:,"""Prompt delivery!!."""," Kiran , 8 February 2016"
5/5:,"""thanks for giving me this product in 199 rupee. i want other stanley products also on low price"""," Ravi Jumwal, 8 February 2016"
5/5:,"""Over All Good experience"""," pallavi , 8 February 2016"
"<span style=""text-decoration:line-through"">2/5</span>","""Delivery of product was delayed a lot. I ordered on 23rd of January and got delivery on 1st of February. Almost 10 days!"""," Mandar , 8 February 2016",<b>Message from Amazon:</b>
4/5:,"""Overall good but light electric shock is being experienced some times"""," Amazon Customer, 8 February 2016"
5/5:,"""Good seller , fast shipping"""," Chaos, 8 February 2016"
1/5:,"""I am getting messages & mails stating that the order attempt was made but was not successful, i have ordered couple of other products earlier from Amazon which came to me except this seller, I receive a call before coming to place, this time no call. VERY VERY POOR SERVICE & THIS SELLER IS NOT TRUST WORTHY. Very sad that this seller is tied up with Amazon, Amazon is known for its customer service."""," Nithin , 8 February 2016"
5/5:,"""very good"""," aakib khan, 8 February 2016"
1/5:,"""Item has been delivered twice to me, with faulty microwave and with no starter kit and IFB reciepe book. I have ordered this in marathon sale on 21st jan, but at the end have return my item bcs of mentioned reasons. Quite disappointed with cloud tail."""," Amazon Customer, 8 February 2016"
5/5:,"""Good"""," Insane  Rider, 8 February 2016"
5/5:,"""Great product and service"""," D P, 8 February 2016"
1/5:,"""The package looks duplicate. I was using the similar one from local store with no complaints. This one has least concentration available in the same amount of water."""," Gaurav , 8 February 2016"
4/5:,"""Good one"""," Amazon Customer, 8 February 2016"
5/5:,"""Great product and service"""," D P, 8 February 2016"
5/5:,"""Dear Sir, I need Door Size curtain for same. Which is Rs.1208. Kindly change the size. else I have to return the item."""," V V Ravi Shankar, 8 February 2016"
5/5:,"""Great product and service"""," D P, 8 February 2016"
1/5:,"""Bad quality product. do not buy the item"""," Subrata Kumar Rout, 8 February 2016"
4/5:,"""This is good piece, which justifies the value of money I paid"""," MKM Ashraff, 8 February 2016"
5/5:,"""Very good mobile phone, good packing, prompt delivery"""," Amazon Customer, 8 February 2016"
3/5:,"""Colour not exactly as in picture. Hoping for skin colour but slighly different"""," vipul, 8 February 2016"
1/5:,"""So here is what happened. I never got a Hush Puppies Men's Edwin_Low Cut Gold Leather Sneaker- 10 UK (8243997). Amazon/re-seller goofed up. they sent Hush Puppies Men's Edwin_Low Cut Leather Formal Shoes (they are blue in color) for reason i don't know. Now the size 10 isn't available anymore."""," Sankalp Rai, 8 February 2016"
5/5:,"""very fast deleivery."""," saeed , 8 February 2016"
4/5:,"""good product"""," Amazon Customer, 8 February 2016"
3/5:,"""delivery was late by 3 days
i ordered slim fit but the product though slim fit the legs are not narrow as mentioned in the product.
the MRP is not justified, the quality do not seem to be of Rupees 2795/- though the fabric quality does justice to the 1397 rupees discounted price.
i cannot return it because need to wear it tommorow.."""," Amazon Customer, 8 February 2016"
5/5:,"""Excellent service ..package came before time."""," Amazon Customer, 8 February 2016"
5/5:,"""good product"""," SATYA NARAYAN MAHAPATRA, 8 February 2016"
4/5:,"""good product"""," TEJAL G., 8 February 2016"
1/5:,"""I had bought ASUS Zenfone Max. But I have a problem with its network. I dont get any network inside my house or outside. so plz me. I just want to replace!!!!"""," Amazon Customer, 8 February 2016"
1/5:,"""Diapers were tearing off. Stickers were horrible"""," Shabnam , 8 February 2016"
4/5:,"""Nice shirt.."""," Rahul Singh, 8 February 2016"
5/5:,"""Superb item."""," Rakibuzzaman C., 8 February 2016"
1/5:,"""very bad"""," Amazon Customer, 8 February 2016"
5/5:,"""ok"""," ABHIJIT K., 8 February 2016"
5/5:,"""service & quality is very good"""," PRASUN MALLIK, 8 February 2016"
5/5:,"""super model ram and camera superb"""," D T Naidu, 8 February 2016"
5/5:,"""awesome experience."""," Amazon Customer, 8 February 2016"
5/5:,"""Useful item.  Fully satisfied."""," Rakibuzzaman C., 8 February 2016"
5/5:,"""As expected"""," Hemanth, 8 February 2016"
4/5:,"""good"""," Amazon Customer, 8 February 2016"
5/5:,"""Very good"""," Hemanth, 8 February 2016"
5/5:,"""Brand new product. good service. Reached before the delivery date. 
VFM. Thanks AMAZON."""," Kiran Ajit Tendle, 8 February 2016"
5/5:,"""Amazing product..spellbound with the sound by Sennheiser..Great product.."""," Anupam M., 8 February 2016"
5/5:,"""good"""," Amazon Customer, 8 February 2016"
5/5:,"""Thank you."""," Vijay, 8 February 2016"
"<span style=""text-decoration:line-through"">1/5</span>","""Courier sent by indian postal office...no timely delivery....Even i had to travel 2km to pick the package from postal office as they were not ready to deliver as its big package.
BAD SERVICE.  0% satisfaction."""," Pradip , 8 February 2016",<b>Message from Amazon:</b>
5/5:,"""the packing is very perfect.very prompt service."""," rajani , 8 February 2016"
5/5:,"""Thank you."""," Vijay, 8 February 2016"
5/5:,"""Thank you."""," Vijay, 8 February 2016"
5/5:,"""osm.. em hpy..."""," KEERTHANA S., 8 February 2016"
2/5:,"""Instead of 3 bowls as mentioned, there were only 2 bowls in the package. Disappointing."""," S Sharma, 8 February 2016"
5/5:,"""Thank you."""," Vijay, 8 February 2016"
5/5:,"""Thank you."""," Vijay, 8 February 2016"
5/5:,"""Good"""," Gopi Kannan, 8 February 2016"
5/5:,"""Thank you."""," Vijay, 8 February 2016"
5/5:,"""EXCELLENT SERVICE AND PRODUCT"""," Amazon Customer, 8 February 2016"
5/5:,"""Superb service, Thursday night by 11:30 PM I placed an order and the next day (Friday Morning) by 11:30 AM, the phone was in my hand and was delivered perfectly packed. :)"""," Mohammed S., 8 February 2016"
5/5:,"""Thank you."""," Vijay, 8 February 2016"
4/5:,"""I want to retrieve my order for the same item as we cancelled the above order yesterday because of some personal reasons. But now I want to back to my address if there is any possibility.

Please contact if you can I want to reconfim my order address"""," Umang J., 8 February 2016"
4/5:,"""Everything is fine"""," Jaimol, 8 February 2016"
1/5:,"""i am not happy for your service"""," bhupinder , 8 February 2016"
5/5:,"""Thank you."""," Vijay, 8 February 2016"
5/5:,"""nice"""," Arun K., 8 February 2016"
2/5:,"""Parcel does not contains Headphone unit & User guide booklet. Headphone comes by default with earlier mobiles. Though on contains of box it was not mentioned it should be their."""," Suraj D., 8 February 2016"
5/5:,"""Works perfectly fine and was delivered early.."""," Nzee, 8 February 2016"
5/5:,"""good service"""," PINKI , 8 February 2016"
5/5:,"""soft"""," Abhijeet, 8 February 2016"
1/5:,"""very bad service and wasting of times they delivered the wrong product to me twice."""," xxxxxxxxxx, 8 February 2016"
5/5:,"""Product is very *. Look forward to more such offers."""," Parinda Mashelkar, 8 February 2016"
3/5:,"""OK fine"""," Gouse Basha Shaik, 8 February 2016"
5/5:,"""Good"""," Amazon Customer, 8 February 2016"
5/5:,"""Nice dealing"""," Syam Sarma, 8 February 2016"
5/5:,"""Order on Feb 5th Friday evening, with next day morning before 11:00 AM delivery option. The products was delivered around 9:00 AM next morning. Appreciate the prompt service and delivery. Thank You !"""," Bandi P., 8 February 2016"
5/5:,"""Superb quality"""," baban kumar, 8 February 2016"
2/5:,"""Product is NOT ORIGINAL and is a duplicated product. Totally Unsatisfied."""," Amazon Customer, 8 February 2016"
4/5:,"""It is worthy of money..."""," Hari Shankar Singh, 8 February 2016"
4/5:,"""Nicely packed"""," V.Thirumoorthi, 8 February 2016"
5/5:,"""Nice!"""," Raoul R., 8 February 2016"
5/5:,"""Good Product"""," Amit Choudhury, 8 February 2016"
4/5:,"""responsible and well maintained"""," Vanshika S., 8 February 2016"
1/5:,"""worst product .0% comfort as per the  1000 bucks."""," Amazon Customer, 8 February 2016"
5/5:,"""Good Customer Response Service"""," Amazon Customer, 8 February 2016"
1/5:,"""I didnt receive the item still"""," mahalakshmi , 8 February 2016"
5/5:,"""Excellent"""," Samik Banerjee, 8 February 2016"
3/5:,"""Ok"""," Preetham, 8 February 2016"
4/5:,"""Phone looks awesome. But, I have ordered for blue one, they have delivered black one. Except that everything good okay."""," Peddada Sathibabu, 8 February 2016"
1/5:,"""The product is not upto the mark"""," Amazon Customer, 8 February 2016"
5/5:,"""goof"""," Kannan K., 8 February 2016"
5/5:,"""Nice Packaging. On Time Delivery
And Game Delivers One of the Best Multiplayer Experience."""," Harsh Somaiya, 8 February 2016"
1/5:,"""i had put a one day delivery til now i didnt recieved the product when do i recieve d product its too late make it as early as possible i am leaving tomorrow nit make it fast"""," satya , 8 February 2016"
4/5:,"""I have got my Moto E 2 Gen earlier than EDD. Thanks my Phone working very Good."""," Amar R., 8 February 2016"
"<span style=""text-decoration:line-through"">3/5</span>","""Good"""," Shruthi, 8 February 2016",<b>Message from Amazon:</b>
5/5:,"""very happy with the service and promptness"""," Amazon Customer, 8 February 2016"
5/5:,"""Nice product"""," Iyyappan , 8 February 2016"
2/5:,"""Smells too bad.."""," Preetham, 8 February 2016"
5/5:,"""very happy with the service and promptness"""," Amazon Customer, 8 February 2016"
5/5:,"""very happy with the service and promptness"""," Amazon Customer, 8 February 2016"
3/5:,"""i was expecting a big bag. Have a look on this 21 ltr bag http://www.amazon.in/gp/product/B0176048O0?colid=TKXKYUQ54HDE&coliid=ITFH53GD3YF8Y&ref_=wl_it_dp_o_pC_nS_ttl"""," deepu, 8 February 2016"
5/5:,"""very happy with the service and promptness"""," Amazon Customer, 8 February 2016"
1/5:,"""write now my order not delevered plz send it to me as soon as possible"""," Amazon Customer, 8 February 2016"
5/5:,"""Thanks for best quality product for me.thanks"""," yogesh khairnar, 8 February 2016"
5/5:,"""very happy with the service and promptness"""," Amazon Customer, 8 February 2016"
5/5:,"""A+"""," kunal k., 8 February 2016"
5/5:,"""very happy with the service and promptness"""," Amazon Customer, 8 February 2016"
5/5:,"""superfast.. super product"""," Hanumantha Rao, 8 February 2016"
1/5:,"""bad service"""," prasad k., 8 February 2016"
5/5:,"""Good Service ..Great Deal"""," MB, 8 February 2016"
4/5:,"""Prompt replacement"""," Seetarambabu. V, 8 February 2016"
5/5:,"""nice product"""," himanshu, 8 February 2016"
5/5:,"""EXSILTEN
DELIVRY"""," Surender s., 8 February 2016"
5/5:,"""nice product"""," himanshu, 8 February 2016"
5/5:,"""nice product"""," himanshu, 8 February 2016"
5/5:,"""good."""," himanshu, 8 February 2016"
5/5:,"""nice product."""," himanshu, 8 February 2016"
5/5:,"""Nice Product"""," Rajesh, 8 February 2016"
4/5:,"""good"""," RAMPRASAD ILLENDULA, 8 February 2016"
5/5:,"""nice"""," himanshu, 8 February 2016"
5/5:,"""good product."""," himanshu, 8 February 2016"
4/5:,"""it's ok"""," RAMPRASAD ILLENDULA, 8 February 2016"
5/5:,"""nice product.."""," himanshu, 8 February 2016"
5/5:,"""really a nice product.."""," himanshu, 8 February 2016"
5/5:,"""Smooth transaction, no issues at all."""," Mahesh S., 8 February 2016"
1/5:,"""i requested that order shall be taken on Friday or Saturday(Feb 5 th or 6 th) respectively but nobody called me, then i received that your order was cancelled there should be some reason to cancel right? how would you cancel without my knowledge, the seller poor amazon poor in this regard, awful services really i fed up with your courier boys, i faced so many problems earlier orders, really worst."""," RAMPRASAD ILLENDULA, 8 February 2016"
5/5:,"""."""," diptesh patel, 8 February 2016"
3/5:,"""K good"""," ramesh k., 8 February 2016"
2/5:,"""it's ok"""," RAMPRASAD ILLENDULA, 8 February 2016"
4/5:,"""Good"""," June Ronghang, 8 February 2016"
3/5:,"""not good"""," jinkap, 8 February 2016"
4/5:,"""Soft compared to regular diaper, but bit costlier."""," BKrishna, 8 February 2016"
5/5:,"""I have been using dettol sensitive for quit sometime. It is good and serves the purpose. A value add with the pump that comes for free."""," BKrishna, 8 February 2016"
1/5:,"""The item delivered was different from the one in description. And the condition of this was very bad. It looked like a pretty old item. I had to return the item and opt for refund of my money."""," Mithun, 8 February 2016"
5/5:,"""Nice"""," S!dd, 8 February 2016"
5/5:,"""Product is very good and delivery time is also good.  But your courier boy forced my wife to come down to take the packet he did not go my floor to handover the product.  So please remember this things because lady have difficulties to go down with small baby."""," Prankur M., 8 February 2016"
5/5:,"""Nice phone specifications with respect to money... Still people want more why I don't know..."""," swaraj kumar mohapatra, 8 February 2016"
5/5:,"""good"""," gopi.d , 8 February 2016"
5/5:,"""Good Experience."""," Amazon Customer, 8 February 2016"
5/5:,"""Excellent"""," suresh, 8 February 2016"
5/5:,"""Excellent"""," suresh, 8 February 2016"
5/5:,"""Excellent"""," suresh, 8 February 2016"
5/5:,"""Nice"""," Pradhumn chauhan, 8 February 2016"
5/5:,"""Excellent kajal..."""," TAMASHI TALUKDER, 8 February 2016"
4/5:,"""good"""," saravanan , 8 February 2016"
1/5:,"""its poor product"""," henika, 8 February 2016"
5/5:,"""Very good quality"""," Sachin Salvi, 8 February 2016"
5/5:,"""Quick Shipping!!"""," Srikanth , 8 February 2016"
5/5:,"""*"""," Deval Verma, 8 February 2016"
4/5:,"""GOOD SERVICE PROVIDED BY AMAZONE"""," AMIT P ROGE, 8 February 2016"
5/5:,"""Great product ,apt for anyone looking for a perfect eye liner"""," Ankita B., 8 February 2016"
5/5:,"""Very much compatible with samsung galaxy & it worked fine"""," Ankita B., 8 February 2016"
3/5:,"""OK"""," dj, 8 February 2016"
4/5:,"""Would have preferred a greater discount"""," Amazon Customer, 8 February 2016"
5/5:,"""nice bag"""," venky , 8 February 2016"
5/5:,"""Gilette is Gilette!! What more can one say!"""," Hanz, 8 February 2016"
5/5:,"""good deal."""," Nirmal p., 8 February 2016"
3/5:,"""good"""," Amazon Customer, 8 February 2016"
2/5:,"""The estimated delivery date has sbeen shown as 4th Feb.,2016 but till date i.e. 8th I have not received my order...Pl.expedite.

Thanks"""," Anil K., 8 February 2016"
5/5:,"""GOOD"""," Amazon Customer, 8 February 2016"
5/5:,"""Just as described. Too much packaging for such a small product.  But the quality is excellent.  Very useful to have around the house."""," Hanz, 8 February 2016"
3/5:,"""dear sir

Would like to have more 5 pcs of the same product? If you can arrange to deliver the same in two to three days kindly revert. you can send us confirmation on 9327561733 / jk050505@gmail.com"""," JITESH K SHAH, 8 February 2016"
5/5:,"""GOOD PRODUCT"""," Amazon Customer, 8 February 2016"
5/5:,"""Awesome product"""," Amazon Customer, 8 February 2016"
1/5:,"""Amazon bad delay courier service"""," Amazon Customer, 8 February 2016"
4/5:,"""Worth money"""," Amazon Customer, 8 February 2016"
5/5:,"""Good Service"""," Balvinder Singh Rawat, 8 February 2016"
5/5:,"""Good One"""," Balvinder Singh Rawat, 8 February 2016"
5/5:,"""Chaitanya j best online shopping site in india"""," Chaitanya j., 8 February 2016"
5/5:,"""Nice"""," Balvinder Singh Rawat, 8 February 2016"
5/5:,"""Very good deal ... worth money"""," Amazon Customer, 8 February 2016"
5/5:,"""Nice Product at such cheap price"""," ASISH KUMAR PANDA, 8 February 2016"
5/5:,"""nice"""," ASISH KUMAR PANDA, 8 February 2016"
5/5:,"""Excellent Service as always"""," Amazon Customer, 8 February 2016"
5/5:,"""I AM VERY VERY HAPPY NOW....SUPERB MOBILE."""," Amazon Customer, 8 February 2016"
5/5:,"""good"""," Thirumalai C., 8 February 2016"
1/5:,"""I ordered the color that was mentioned above, but I received violet and dark blue color ( which is different from item color)

Dear seller, please check before dispatching."""," Amazon Customer, 8 February 2016"
5/5:,"""good product"""," Lavkesh Asija, 8 February 2016"
5/5:,"""Good quality product"""," Lavkesh Asija, 8 February 2016"
1/5:,"""I have ordered Tricolor ink cartridges for hp desk jet 3050 series. but received cartridges not compatible . So I cannot use this . I have opened packet  so that not returned . please advise what I can do?"""," Thomas A., 8 February 2016"
5/5:,"""No issues!"""," Gaurang Desai, 8 February 2016"
5/5:,"""Good"""," suraj, 8 February 2016"
5/5:,"""Good experience."""," Amazon Customer, 8 February 2016"
4/5:,"""Good product and prompt delivery. However Bluedart didnt have delivery in my area and I had to go to the courier office and pick it up. Please try other courier or india post for remote places."""," Amazon Customer, 8 February 2016"
5/5:,"""fantastic"""," SUDEEP GOEL, 8 February 2016"
5/5:,"""great seller"""," Amazon Customer, 8 February 2016"
5/5:,"""It s good and quick"""," SUDEEP GOEL, 8 February 2016"
5/5:,"""Very good"""," Amazon Customer, 8 February 2016"
5/5:,"""as always i am happy with amazon's services"""," rahul jain, 8 February 2016"
5/5:,"""Fast delivery...good product.
Thanks."""," ashish, 8 February 2016"
3/5:,"""I have got the product at right time and at cheapest price.Good service keep it on."""," Amazon Customer, 8 February 2016"
5/5:,"""Exception"""," Dipak Devkota, 8 February 2016"
2/5:,"""Item was different as shown in figure"""," Amazon Customer, 8 February 2016"
1/5:,"""received the handset, charger and back cover, but not received the earphone. What to do now?"""," Mrinal K., 8 February 2016"
3/5:,"""I need the Laptop serial#, I lost my laptop. As per Lenovo company if I provided correct serial# they can provide the MAC address. So can you please send the correct Serial# that you have shipped to me. on the Invoice it is mentioned as FBAMFVJ3TU017, but it is not correct as per lenovo company."""," Amazon Customer, 8 February 2016"
"<span style=""text-decoration:line-through"">1/5</span>","""whats wrong with the amazon courier service,the status is getting updated every day that delivery has been attempted but in reality i neither get a call nor anybody comes to my house for delivery.I hope this s sm internal error & i cn still expect delivery f my parcel cz i hd spoken to amazon person he said there is some prob with the courier service & i shud neglect d tracking status dey update."""," Sachin , 8 February 2016",<b>Message from Amazon:</b>
5/5:,"""Goods were delivered before time and we are satisfied with the service...thanks"""," Vineet Z., 8 February 2016"
5/5:,"""Good. What ca go wrong with green tea?"""," Amazon Customer, 8 February 2016"
5/5:,"""Excellent"""," CNaz, 8 February 2016"
5/5:,"""Excellent"""," CNaz, 8 February 2016"
1/5:,"""The colour faded in normal plain water wash the very first time. very bad quality. kindly suggest if this product can be replaced."""," Sumana, 8 February 2016"
5/5:,"""service  wz superb ...luv it"""," reema , 8 February 2016"
5/5:,"""good experience"""," gaurav , 8 February 2016"
5/5:,"""Got this product for 6299/- on sale. Plus there was a cashback for Citibank users. So effective price was Rs5299/-. It's a steal for that price. Additionally I got the latest model when ordered this. The one in the picture is an older model with the oder Seagate logo. The newer model was priced at 7K+ when I ordered this."""," Amazon Customer, 8 February 2016"
5/5:,"""Excellent"""," CNaz, 8 February 2016"
5/5:,"""Excellent"""," CNaz, 8 February 2016"
5/5:,"""Excellent"""," CNaz, 8 February 2016"
5/5:,"""Good"""," CNaz, 8 February 2016"
5/5:,"""Best"""," amitadesara, 8 February 2016"
4/5:,"""The gift wrap option is merely waste. I ordered for gift wrap but it case wrapped in a paper which is hardly a rupee worth and charged me 30 ruppess for that.
Worst gift wrapping option."""," Amazon Customer, 8 February 2016"
5/5:,"""Excellent"""," CNaz, 8 February 2016"
4/5:,"""Afternoon time unable to deliver."""," dilip p., 8 February 2016"
5/5:,"""Excellent-"""," CNaz, 8 February 2016"
5/5:,"""Excellent"""," CNaz, 8 February 2016"
4/5:,"""Good"""," Suresh S., 8 February 2016"
5/5:,"""I am very happy with this buy and the price is quite reasonable."""," Suresh S., 8 February 2016"
5/5:,"""good"""," Ravi , 8 February 2016"
5/5:,"""great service"""," yasasmita , 8 February 2016"
5/5:,"""good"""," Anupam Vij, 8 February 2016"
5/5:,"""Excellent"""," CNaz, 8 February 2016"
5/5:,"""Awesome phone for this price...loved a lot..only concern is the battery gets heated up sometimes quickly... The battery life is good. The charger charges fastly... camera too good for this price...."""," Raviteja, 8 February 2016"
5/5:,"""Delivered 1 day in advance. Product seem to be ok."""," Sandeep , 8 February 2016"
5/5:,"""service is good. before time delivery"""," Abhisheik , 8 February 2016"
5/5:,"""Good Quality & Prompt Delevary"""," raja, 8 February 2016"
5/5:,"""Dabur is Dabur .. pure coconut oil ,, i like it"""," bharat m., 8 February 2016"
1/5:,"""I brought this shoe on COD but had to return it as the fitting was too small. Post the return, it's been a nightmare to get my money back from Amazon. I've had good experience with Amazon, but this one has been very sad and frustrating. I hope Amazon can make up for this somehow!"""," Ubaid, 8 February 2016"
5/5:,"""ecellent delivery service by amazon"""," rajkumar s., 8 February 2016"
5/5:,"""Product is as per expectation and packaging is excellent."""," Amazon Customer, 8 February 2016"
5/5:,"""Good product very fast shipping, thanks once again amazon."""," sanjay kumar ray, 8 February 2016"
5/5:,"""excellent"""," Amazon Customer, 8 February 2016"
2/5:,"""Hai..

This is Shyam  yestarday i have called and spoke to courier Boy which i have rec'd the message in SMS with his mobile number  : he was replayed i am  for away from your place to day i cant give you later i will bring Now i have recd the message saying that Address is wrong. WHAT IS THIS THAMASHA?"""," Shyam, 8 February 2016"
5/5:,"""Very good service"""," Kedar Patil, 8 February 2016"
3/5:,"""nice"""," Samik Banerjee, 8 February 2016"
2/5:,"""product was not that much good .... was too small"""," Amazon Customer, 8 February 2016"
4/5:,"""good service"""," MANISH K., 8 February 2016"
5/5:,"""Very good service"""," Kedar Patil, 8 February 2016"
5/5:,"""delivery good. Hard to say abt the product right now as been using it for just a few days."""," Ashish Salpekar, 8 February 2016"
5/5:,"""Very nice"""," K.DamodarChowdary , 8 February 2016"
5/5:,"""Excellent"""," amit c., 8 February 2016"
5/5:,"""the estimated date was 6th Feb but item was handed over to me on 4th Feb only.
very quick service"""," kartik a., 8 February 2016"
5/5:,"""It is nice to shop with amazon. Product is excillent and satisfying"""," ankush pawar, 8 February 2016"
5/5:,"""Overall packaging was good but the actual phone was moving inside its own box which should not happen as it gets transported over a long distance."""," VP, 8 February 2016"
5/5:,"""NO COMMENTS"""," Ashok Kumar, 8 February 2016"
5/5:,"""Excellent"""," PRAVIN SHRINIWAS BHOLE, 8 February 2016"
2/5:,"""These people are cheaters. The package does not arrived and i got the message that you have not accepted the package. Totally wrong, i don't receive a call as well as my address was not visited. Disgusting....."""," Amazon Customer, 8 February 2016"
5/5:,"""A very satisfactory experience for me. Prompt delivery, courteous service. Am very happy indeed!!!"""," Srinivasan N., 8 February 2016"
5/5:,"""great deal.."""," santosh k., 8 February 2016"
"<span style=""text-decoration:line-through"">1/5</span>","""Worst seller. No one contacted and said they have attempted  delivery"""," Anuparna, 8 February 2016",<b>Message from Amazon:</b>
"<span style=""text-decoration:line-through"">1/5</span>","""bad"""," Ajay, 8 February 2016",<b>Message from Amazon:</b>
5/5:,"""Was as described"""," GA, 8 February 2016"
"<span style=""text-decoration:line-through"">3/5</span>","""Item good but delivery take more days from ur"""," HASSAN , 8 February 2016",<b>Message from Amazon:</b>
5/5:,"""Good Seller. Prompt Delivery. Got product within six days."""," Taresh Relan, 8 February 2016"
1/5:,"""worst Experience  i  had place order for mobile as well as ANT VR Headset for Lenovo K4 Note but get only phone ,when i had placing the order there is no separate option for vr headset and i thought i will get it with phone but no......  worst experience by Amazon Cloudtail   :"""," Rohit, 8 February 2016"
"<span style=""text-decoration:line-through"">1/5</span>","""It is not always possible that we would be available at home when the package arrives. You are just intimating the day of delivery irrespective of the time of our availability. It means you require a person to stay at home all the time and wait for your delivery. Better take appointment wrt time also & prefer to delivery your goods when we are comfortable back at home. I still require the package."""," Sandesh , 8 February 2016",<b>Message from Amazon:</b>
5/5:,"""Prompt Delivery. Got product within six days."""," Taresh Relan, 8 February 2016"
4/5:,"""Good service"""," sharath kumar, 8 February 2016"
1/5:,"""The packing was not delivery worthy hence parcel return back to concern person"""," Tofik Jagot, 8 February 2016"
5/5:,"""I purchased this shoe for an officer in my department. Booked on Friday and got delivery on Monday. Truly professional in all aspects. Amazon!!! thank you very much and you are highly recommended."""," Srinivasan N., 8 February 2016"
5/5:,"""Prompt Delivery. Got product within six days."""," Taresh Relan, 8 February 2016"
4/5:,"""Seems to be a good option considering the cost and number of facilities available in it especially RAM speed etc."""," Jayan , 8 February 2016"
5/5:,"""its very good service"""," lina p., 8 February 2016"
4/5:,"""good"""," Amazon Customer, 8 February 2016"
5/5:,"""Good Seller. Prompt Delivery. Got product within six days."""," Taresh Relan, 8 February 2016"
5/5:,"""Shopping with Amazon is always great!"""," LT C., 8 February 2016"
4/5:,"""Very good product but highly recomended that sweetness could be reduced by 10%."""," Suresh Khosla, 8 February 2016"
5/5:,"""loved the product and good packaging"""," Tuhina, 8 February 2016"
4/5:,"""Good"""," Selvakumar T, 8 February 2016"
5/5:,"""good product n seller"""," Tuhina, 8 February 2016"
2/5:,"""Hi i received my order in just single poly bag of amazon. there is no box of this item. it shows that i purchase this item from a street. pls replace this order with other one and this time item should be in box."""," SANDEEP SHARMA, 8 February 2016"
5/5:,"""no issues.. good seller"""," Tuhina, 8 February 2016"
"<span style=""text-decoration:line-through"">1/5</span>","""I have not received any pendrive yet. I have not received any call from you and now it is showing that it is delivered to me, which it did not. Please take this into your notice and provide me the pen drive or return my money back."""," Nalin , 8 February 2016",<b>Message from Amazon:</b>
5/5:,"""Thankyou"""," Anonymous, 8 February 2016"
5/5:,"""Excellent"""," binu j., 8 February 2016"
5/5:,"""Thankyou"""," Anonymous, 8 February 2016"
5/5:,"""Thankyou"""," Anonymous, 8 February 2016"
4/5:,"""on time delivery.. very niec phone to use.. trust amazon for this item.. thank u"""," bhagyashri k., 8 February 2016"
5/5:,"""The item was satisfactory. Hope to do more shopping with amazon"""," David N., 8 February 2016"
5/5:,"""Good product, Immediate delivery"""," Amazon Customer, 8 February 2016"
5/5:,"""Great"""," Amazon Customer, 8 February 2016"
5/5:,"""Very much satisfied"""," Kalaimani, 8 February 2016"
5/5:,"""Very Nice"""," Sarath Chandran S, 8 February 2016"
4/5:,"""nice product..."""," nedunkilli , 8 February 2016"
4/5:,"""its slow process"""," sai k., 8 February 2016"
5/5:,"""Simple controls"""," S Murali Krishnan, 8 February 2016"
5/5:,"""Best memeory card available now"""," S Murali Krishnan, 8 February 2016"
2/5:,"""no feed back yet by courier service"""," Madhu r., 8 February 2016"
5/5:,"""Excellent service. Excellent phone."""," Yusuf Mundhe, 8 February 2016"
1/5:,"""One of the mug in a set is broken."""," Jaiwin B., 8 February 2016"
1/5:,"""1 no proper response for return. 2. no timings 3. no phone no.4.careless answer"""," Amazon Customer, 8 February 2016"
5/5:,"""reachd in time as commited,n d product is original.thank u"""," Abhipsa .., 8 February 2016"
5/5:,"""Very GooD"""," Ramesh , 8 February 2016"
5/5:,"""Product received on time"""," Mandeep , 8 February 2016"
5/5:,"""Excellent product."""," Sanjit Das, 8 February 2016"
5/5:,"""Loved the product. Easy to use."""," bames, 8 February 2016"
3/5:,"""Material quality is poor specially, elastic."""," Sudhir J., 8 February 2016"
4/5:,"""meet the expectation."""," Amazon Customer, 8 February 2016"
4/5:,"""nice one. quality worth buying. but became small for my lo"""," Sri, 8 February 2016"
5/5:,"""Happy with the product. simply superb. Thank u so much"""," A. R., 8 February 2016"
5/5:,"""Delivery received on-time as promised by amazon .."""," Santhosh, 8 February 2016"
4/5:,"""The product is good.But never buy anything online on offer days, as they fool you saying they are selling for lower price than usual.I was shocked to find out that the price was reduced to Rs.6105 one week after i got it for Rs.6769."""," Godshilla, 8 February 2016"
4/5:,"""good"""," santhosh c, 8 February 2016"
4/5:,"""I need this football very soon.... But I hv to chase your team to deliver the same ASAP."""," NEETU SHARMA, 8 February 2016"
5/5:,"""good"""," Shuvo K., 8 February 2016"
5/5:,"""Good"""," Gurulakshana NV, 8 February 2016"
5/5:,"""nice"""," varad chorge, 8 February 2016"
4/5:,"""good one"""," Ajay K., 8 February 2016"
3/5:,"""please give correct measurement of product as the the size numbers and measurement of product does not match"""," sanjiv jala, 8 February 2016"
4/5:,"""Jacket is very good, can be used on both the sides"""," Amazon Customer, 8 February 2016"
5/5:,"""Good Product"""," Gurulakshana NV, 8 February 2016"
5/5:,"""very good"""," HARISH S., 8 February 2016"
5/5:,"""Good"""," Gurulakshana NV, 8 February 2016"
5/5:,"""Good one"""," Gurulakshana NV, 8 February 2016"
5/5:,"""."""," Yogesh Singh Chauhan, 8 February 2016"
5/5:,"""good experience"""," amit , 8 February 2016"
5/5:,"""Good"""," Gurulakshana NV, 8 February 2016"
5/5:,"""Nice product."""," Deboprotim Borah, 8 February 2016"
5/5:,"""Thank u >>Amazon"""," Ranganatha, 8 February 2016"
5/5:,"""If you have order through cloudtail.. you are likely to get delivery within 48 hrs without paying for extra delivery charge... I always prefer to buy from cloudtial. no matter sometime have to pay a little bit more.. but Fresh stock and genuine is assured"""," Ravi, 8 February 2016"
5/5:,"""Thank..Amazon for the MTR product"""," Ranganatha, 8 February 2016"
4/5:,"""compertable"""," Mirza G., 8 February 2016"
5/5:,"""Delievery against order was excellent from placing order till getting delivery at my door step."""," Dayananda.R , 8 February 2016"
5/5:,"""The delivery is to good"""," lalit, 8 February 2016"
4/5:,"""Product was good as expected. Good packing"""," Sushma haregod, 8 February 2016"
5/5:,"""If you have order through cloudtail.. you are likely to get delivery within 48 hrs without paying for extra delivery charge... I always prefer to buy from cloudtial. no matter sometime have to pay a little bit more.. but Fresh stock and genuine is assured"""," Ravi, 8 February 2016"
4/5:,"""delivery is on time"""," Atul T., 8 February 2016"
1/5:,"""I must say,poor service....very poor service...Item not delivered even after contacting the customer service for 3 or 4 times..."""," Amazon Customer, 8 February 2016"
5/5:,"""good job"""," Rajwinder k., 8 February 2016"
5/5:,"""excellent  sevice"""," E.N.Ramachandran, 8 February 2016"
5/5:,"""good work"""," Daksh N., 8 February 2016"
5/5:,"""Excellent product....Very happy with it"""," Raj K., 8 February 2016"
5/5:,"""GOOD"""," Srikanth, 8 February 2016"
5/5:,"""Awesome service....."""," Akash.A, 8 February 2016"
5/5:,"""Prompt."""," Amazon Customer, 8 February 2016"
1/5:,"""The microphone is not working. The courier used DELHIVERY is the WORST courier. I dont want any item to be sent by that courier."""," RAMDAS S R V, 8 February 2016"
1/5:,"""The Shipment is left in the post=office by the courior company.

The seller has done a [pathetic job,,wish i haven`t ordered the euipment from amazon..very very very pathetic service..can`t afford a good courior company"""," Sanjay Dubey, 8 February 2016"
5/5:,"""Very good"""," G V SRINIVAS, 8 February 2016"
5/5:,"""good"""," jayshree, 8 February 2016"
3/5:,"""no commence"""," Tirthankar , 8 February 2016"
4/5:,"""I got a wrong package initially but then amazon handled the replacement ordered well and I got the corrected Item in quick time."""," Hitesh Rajpal, 8 February 2016"
5/5:,"""Happy with the service"""," Dipankar Basu, 8 February 2016"
5/5:,"""good quality"""," sridevi, 8 February 2016"
5/5:,"""Item as described."""," Hitesh Rajpal, 8 February 2016"
5/5:,"""Great"""," virendra v., 8 February 2016"
5/5:,"""i recommended this product"""," paddu , 8 February 2016"
5/5:,"""received it as shown in the picture . good one"""," sridevi, 8 February 2016"
5/5:,"""Good service"""," Shahid, 8 February 2016"
5/5:,"""Item as described."""," Hitesh Rajpal, 8 February 2016"
5/5:,"""Great"""," virendra v., 8 February 2016"
5/5:,"""Worth....quality is good"""," ofiliya magna fernandes, 8 February 2016"
5/5:,"""Good product."""," Gaurav, 8 February 2016"
5/5:,"""good and quick service"""," VINAY DAMA, 8 February 2016"
1/5:,"""Not good"""," Manish R., 8 February 2016"
1/5:,"""The item arrived the destination on 4th Feb and just kept undelivered even after contacting several times to deliver on 5th Feb, finally it was delivered on the day they planned and my request was just ignored. Never expected such a worst service. Never ever order from Amazon when they provide a date range never expect it to be within the range it will be the last date or later. Worst service"""," Sriram Murty, 8 February 2016"
5/5:,"""Good"""," Arun A., 8 February 2016"
1/5:,"""Very bad"""," Manish R., 8 February 2016"
5/5:,"""Go for it."""," Rakesh N., 8 February 2016"
5/5:,"""Excillent servoce. Product qwality is good."""," ritu, 8 February 2016"
1/5:,"""it was one day delivery 
product not working.
i have been calling amazon help line from 2 feb to take my product back. amazon your service  is very bad, this is the 7th day and no body came to take my order return, amazon sleeping staff careless people. never gonna order from your website."""," MOHINI G., 8 February 2016"
4/5:,"""Good product"""," Suraj , 8 February 2016"
5/5:,"""Nice."""," Pushpa , 8 February 2016"
5/5:,"""Super Product. Go for it."""," Rakesh N., 8 February 2016"
4/5:,"""Nice"""," gurucharan , 8 February 2016"
5/5:,"""GOOD   PRODUCT. USEFULL  and DECENT  LOOKING,  GOES WITH ANY DECORE.   HAPPY TO BUY  IT"""," DR. M., 8 February 2016"
5/5:,"""Excellent quality.."""," Abhijeet, 8 February 2016"
5/5:,"""i like it"""," deepak pandey, 8 February 2016"
4/5:,"""But item purchased from Amazon.in is costlier than local market"""," Gautam Chowdhury, 8 February 2016"
5/5:,"""Very good product. My mom loves it."""," Vikram, 8 February 2016"
1/5:,"""I received  Optiim Multivitamin instead of Optim Health- Digestion."""," Laxmesh Hegde, 8 February 2016"
5/5:,"""Very very good product by Amazon"""," saddamhussain , 8 February 2016"
5/5:,"""good"""," venkatasubramanian, 8 February 2016"
5/5:,"""Good"""," Amazon Customer, 8 February 2016"
3/5:,"""Not soo good"""," jaya c., 8 February 2016"
5/5:,"""amazing product and reduces acne"""," REHNA R., 8 February 2016"
4/5:,"""Really *...."""," Imran A., 8 February 2016"
5/5:,"""good service"""," subhankar r., 8 February 2016"
4/5:,"""good mobile at this price .. camera is good..battery is awesome.."""," S d., 8 February 2016"
4/5:,"""good product"""," Amazon Customer, 8 February 2016"
5/5:,"""This is for my mother who is a diabetic.  As per her this is simply excellent with no traces of sugar found in the mix.  Quality is superb.  So, I recommend this product."""," M S SRINIVASAN, 8 February 2016"
4/5:,"""Good Service and good quality"""," Ats, 8 February 2016"
1/5:,"""The invoice states its a BROWN color product, the portal order states its a BROWN color product But then inside the parcel its a GREEN short. Cloudtail is the best retailer for Amazon as per my knowledge then why this goofup with my order that to TWICE....have raised a request for an investigation in this DOUBLE INCORRECT DELIVERY which caused a lot of inconvinence for me"""," Jayesh Uplap, 8 February 2016"
5/5:,"""Good Service and good quality"""," Ats, 8 February 2016"
5/5:,"""Great Service, Happy with amazon,"""," Arunava Mondal, 8 February 2016"
4/5:,"""Nice product used for kid haircut, very good"""," Vandana, 8 February 2016"
5/5:,"""Good Quality Product at really cheap price."""," Varsha Toke Kulkarni, 8 February 2016"
3/5:,"""Hi,

I am again returning this cable not due to any fault but I had originally ordered the 3 meter cable and you are always supplying 3 feet cable! Kindly send me the 3 METER CABLE ONLY. Else send me the refund. 

ps. You have even changed the order description!! hence I don't think I will get the same item again, you better return the money and I will order cable again.

regards, Sourav"""," Sourav Mohanty, 8 February 2016"
5/5:,"""thanks"""," Amazon Customer, 8 February 2016"
5/5:,"""nice delivery"""," khyati, 8 February 2016"
5/5:,"""Hi, can you please gift wrap this item?"""," Bobji, 8 February 2016"
5/5:,"""Prompt Service!"""," Abdullah Ansari, 8 February 2016"
4/5:,"""Mere pass mouse hai"""," lantav, 8 February 2016"
3/5:,"""."""," Shivamurthy Shastri, 8 February 2016"
5/5:,"""Thanks...."""," sujeet k., 8 February 2016"
5/5:,"""GOOD"""," gagan , 8 February 2016"
5/5:,"""Prompt Service!"""," Abdullah Ansari, 8 February 2016"
3/5:,"""."""," Shivamurthy Shastri, 8 February 2016"
5/5:,"""Good"""," Gyanaranjan S., 8 February 2016"
5/5:,"""Nice Product"""," AS, 8 February 2016"
5/5:,"""very good"""," shreyak k., 8 February 2016"
4/5:,"""very good in quality as compare with price"""," shital N., 8 February 2016"
5/5:,"""Super-fast delivery and item as described. Great Seller!!"""," Shalin Shukla, 8 February 2016"
5/5:,"""Very good item.."""," Sesha B., 8 February 2016"
5/5:,"""very good"""," shreyak k., 8 February 2016"
4/5:,"""It is very nice mobile"""," Hareesh K., 8 February 2016"
1/5:,"""the handwash pouch was leaked"""," tarun , 8 February 2016"
5/5:,"""good product."""," vivek sharma, 8 February 2016"
4/5:,"""good quality"""," amresh , 8 February 2016"
3/5:,"""dress doesnt look as rich as it displayed on the site.."""," Amazon Customer, 8 February 2016"
4/5:,"""Perfect nice long lasting, Pure sound quality and perfect fitting happy with the product compare to Philips"""," Vijay D., 8 February 2016"
5/5:,"""Excellent Service"""," TAPABRATA S., 8 February 2016"
5/5:,"""Hi 
Good team work. Best of luck.

Vijay kala"""," Amazon Customer, 8 February 2016"
5/5:,"""Product arrived in time but was not packed properly."""," Priyanshu, 8 February 2016"
2/5:,"""threads were coming out that means stitching issues, doesnt look like an original arrow shirt....will initiate refund asap"""," Amazon Customer, 8 February 2016"
5/5:,"""VERY GOOD SERVICE"""," gauravjangid , 8 February 2016"
3/5:,"""Fair"""," Amazon Customer, 8 February 2016"
1/5:,"""the actual color of the shirt is really very bright. There is vast color difference in description and actual shirt. Even I got replacement from amazon but, that was also of same shade."""," Sameer, 8 February 2016"
4/5:,"""Got what was ordered. On time"""," Rahul Nanavati, 8 February 2016"
5/5:,"""Great"""," Durgesh P., 8 February 2016"
2/5:,"""colour not as shown in image. it is burning on leap"""," heena s., 8 February 2016"
5/5:,"""Excellent"""," VARUN S., 8 February 2016"
3/5:,"""not good"""," mohammed yusuff, 8 February 2016"
3/5:,"""okay"""," mohammed yusuff, 8 February 2016"
5/5:,"""nice offer"""," mohammed yusuff, 8 February 2016"
5/5:,"""Excellent and best service.Try to send the product through India Post only."""," BIJAY NAG, 8 February 2016"
5/5:,"""Great Service"""," Abhinav S., 8 February 2016"
5/5:,"""thanks nice offer"""," mohammed yusuff, 8 February 2016"
4/5:,"""Nice"""," mohammed yusuff, 8 February 2016"
4/5:,"""good."""," Sundararajan, 8 February 2016"
5/5:,"""Satisfied with purchase. Convenient and useful item."""," Evan, 8 February 2016"
5/5:,"""It is good & serves my purpose."""," N.K.Trehan, 8 February 2016"
5/5:,"""Completely satisfied with the product and service"""," Anup K., 8 February 2016"
2/5:,"""Half of the shampoo was out.."""," Rashi, 8 February 2016"
4/5:,"""I like 3M products, & I wold like try this product"""," Hemant Borkar, 8 February 2016"
4/5:,"""price slightly high"""," Satish A., 8 February 2016"
3/5:,"""Total time taken is too much..."""," atul s., 8 February 2016"
5/5:,"""ok"""," Vilas Ramdas Vaidya, 8 February 2016"
5/5:,"""Good.Thank You."""," p.c.vijayakumar, 8 February 2016"
5/5:,"""amazing fast delivery within the expected time.."""," NOUMAL ZAKARIA, 8 February 2016"
4/5:,"""The product was good and arrived on time"""," Rupesh K., 8 February 2016"
5/5:,"""Good seller and great product"""," Karan G., 8 February 2016"
5/5:,"""Service was Excellent"""," durai , 8 February 2016"
5/5:,"""The products were delivered on time."""," Amazon Customer, 8 February 2016"
5/5:,"""fast response"""," suresh k., 8 February 2016"
4/5:,"""Great book at economical price"""," M Gowri Shanker, 8 February 2016"
4/5:,"""No comments"""," VJ M., 8 February 2016"
3/5:,"""They had sent old model twice"""," mitul parikh, 8 February 2016"
4/5:,"""Love the packing.. Faced some minor issues with the device.. Hopefully it will resolve over time."""," Shreyash Taparia, 8 February 2016"
4/5:,"""Its a nice budget Phone, I purchased it ""Deal Price:749.00"". Just after 2-3 days Now its price on Amazon is ""Deal Price :	699.00""

I would suggest if they are dropping the price they should return the access amount to the Buyer as Flipkart is doing."""," Nitin , 8 February 2016"
4/5:,"""Good so far"""," Amazon Customer, 8 February 2016"
4/5:,"""Good and satisfactory"""," DR PRASENJIT DAS, 8 February 2016"
4/5:,"""Very Good"""," Dr D S Yadav, 8 February 2016"
5/5:,"""Super"""," hina , 8 February 2016"
1/5:,"""very bad service"""," piyush kumar, 8 February 2016"
5/5:,"""Great product."""," Rohit R., 8 February 2016"
4/5:,"""A good phone at a reasonable price."""," Robert, 8 February 2016"
5/5:,"""good 
i like it"""," Chavda J., 8 February 2016"
4/5:,"""I am extremely happy about your services and product. Thanks for support. Anil K Jampala, Hyderabad."""," Amazon Customer, 8 February 2016"
4/5:,"""ok"""," Ravi, 8 February 2016"
2/5:,"""I have received different product once again."""," Jaswinder kumar, 8 February 2016"
5/5:,"""good"""," Sanjiv Kulkarni, 8 February 2016"
5/5:,"""All Okay"""," Indra Rawlani, 8 February 2016"
3/5:,"""good"""," Amazon Customer, 8 February 2016"
5/5:,""":)"""," Radheika Patel, 8 February 2016"
5/5:,"""Good product and on time delivery. My only concern is it was left with the apartment security and was not delivered to me in person"""," Jayagandhan S, 8 February 2016"
4/5:,"""Good"""," SRINIVASAN, 8 February 2016"
5/5:,"""tooo *"""," madhuri , 8 February 2016"
5/5:,"""Good as expected."""," Amazon Customer, 8 February 2016"
5/5:,"""Superb delivery within schedule time , very impressed by Amazon"""," NITIN, 8 February 2016"
1/5:,"""Price charged is much more than MRP of the product. You are hereby requested to explain as to why action should not be initiated against you for selling the item above MRP."""," HITESH , 8 February 2016"
3/5:,"""good"""," krishna , 8 February 2016"
5/5:,"""excellent vegetable and fruit chopper cutter"""," roshan Kalyani, 8 February 2016"
2/5:,"""Dispatch through POSTAL dept is not GOOD"""," srinivas , 8 February 2016"
3/5:,"""Not * it's very poor product"""," Amazon Customer, 8 February 2016"
4/5:,"""its good"""," PUSHPA GOVINDARAJAN, 8 February 2016"
"<span style=""text-decoration:line-through"">2/5</span>","""horrible service"""," bidisha roy, 8 February 2016",<b>Message from Amazon:</b>
3/5:,"""good"""," bidisha roy, 8 February 2016"
3/5:,"""Phone battery backup is very poor only 3hrs normal backup i think provide local battery"""," pramod, 8 February 2016"
1/5:,"""Hi,
After return date, the product become defective!!! I don't know why the handle comes out when my kid rides it. It's dangerous to ride it coz of this issue.. It become no use, could you please help me out here?
Thank you

RamaKrishna,M"""," RamaKrishna, 8 February 2016"
5/5:,"""Item as described."""," VP, 8 February 2016"
5/5:,"""* servies"""," Amazon Customer, 8 February 2016"
5/5:,"""Phone better than expected at this price. Vr was blurry until i installed cardboard app and scanned QR code found here - https://www.quora.com/How-are-we-supposed-to-use-the-AntVR-Headset-for-gaming-which-is-bundled-with-Lenovo-K4-Note"""," Kamran Hussain, 8 February 2016"
3/5:,"""These are just for home use, i don t think for home use you need to spend so much. if your thinking for outdoor, it not worth buying..."""," Manoj , 8 February 2016"
"<span style=""text-decoration:line-through"">1/5</span>","""Delivery confirmation massage received on 5th-February and products arrived on 7th-February.....
Not good for reputation of amazon....."""," jayesh kariya, 8 February 2016",<b>Message from Amazon:</b>
5/5:,"""Excellent"""," Ramalingam Saravanakumar, 8 February 2016"
3/5:,"""Instead of Large size ( L ), I should have ordered for XL.  The size seems to be small !"""," purushotham, 8 February 2016"
4/5:,"""It was good"""," Shreya A., 8 February 2016"
5/5:,"""Product is good in visible. But, i expected much about Audio where as it is as similar or less comparing with its equivalent Competitors of the same range of the cost as well as features."""," Ramalingam Saravanakumar, 8 February 2016"
4/5:,"""Good phone but have heat and camera problem"""," karumuri p., 8 February 2016"
5/5:,"""its a nice S.phone , i gifted it to someone, phone works very smooth, rear camera is soo preety. thankewww :-)"""," Amazon Customer, 8 February 2016"
5/5:,"""good"""," Hemanth , 8 February 2016"
4/5:,"""good phone"""," Rajeev, 8 February 2016"
2/5:,"""the box was tampered and the seal was broken .. not a good service"""," jatin , 8 February 2016"
5/5:,"""Intime delivery"""," Amazon Customer, 8 February 2016"
4/5:,"""satisfactory"""," devender s., 8 February 2016"
4/5:,"""Service was good. Items received in good condition."""," BOBBY T., 8 February 2016"
4/5:,"""Not bad he send the item i seen in the site"""," Thirupathireddy, 8 February 2016"
3/5:,"""Fair"""," S N MOHAN, 8 February 2016"
5/5:,"""good product with best deal combo offer."""," DIPAK RAJPUT, 8 February 2016"
5/5:,"""very good and prompt service."""," rajesh jain, 8 February 2016"
3/5:,"""good"""," Pavan Kumar N, 8 February 2016"
5/5:,"""fast and as detailed"""," SEVVEL, 8 February 2016"
1/5:,"""Seller did not call me and took my product back"""," Ripsy , 8 February 2016"
"<span style=""text-decoration:line-through"">1/5</span>","""It showed that the product was delivered the next day..but its the sixth day and I still haven't received the product"""," pali, 8 February 2016",<b>Message from Amazon:</b>
5/5:,"""a good buy"""," yeshwant devasthali, 8 February 2016"
5/5:,"""Really liked the product."""," Rahul J., 8 February 2016"
5/5:,"""a good buy"""," yeshwant devasthali, 8 February 2016"
5/5:,"""good and genuine product with the latest version i.e. version 4 of the router. highly recommended. go for it."""," nilay shah, 8 February 2016"
4/5:,"""It is a good product. Affordable and good packaging. love the bottle."""," kishori S., 8 February 2016"
4/5:,"""Very good deal"""," Amazon Customer, 8 February 2016"
4/5:,"""Good Service Very Nice Product....
Worth For Money .... !!!"""," Aamir , 8 February 2016"
1/5:,"""The package had seal opened already and was repacked. The box was broken from places and I had nightmare looking at it. 

The seller is making a fool out of customers sending then 2nd hand products. This is not done. We are paying for the items from out hard earned money. I will defiantly be posting the images on social media. ANd as per amazon it should de-list this seller right away."""," Tarunpreet Singh Johar, 8 February 2016"
4/5:,"""Prompt service and product received was as expected"""," satish, 8 February 2016"
1/5:,"""Product Image shows about 20 stick however only 8 were present. We actually get more stick for that price in any local store. I have been buying these for more than a year and this seller is cheating by  giving lesser quantity."""," Arvind, 8 February 2016"
5/5:,"""Very much satisfied with the purchase"""," SARAVANAN S., 8 February 2016"
4/5:,"""Delivery on Time..."""," Deepak Jadhav, 8 February 2016"
5/5:,"""Full marks to amazon for in time delivery. The game itself is immensely wonderful. Gameplay is excellent, graphics are outstanding. A must have."""," Vinayak , 8 February 2016"
4/5:,"""sooo beautiful"""," sreelekha vinod, 8 February 2016"
5/5:,"""Good Product"""," Prashant Humbre, 8 February 2016"
3/5:,"""got ontime.and so useful"""," sreelekha vinod, 8 February 2016"
5/5:,"""Item delivered right on time !"""," Mrinal S., 8 February 2016"
4/5:,"""its good"""," Amazon Customer, 8 February 2016"
5/5:,"""Good product and service."""," Pankaj, 8 February 2016"
4/5:,"""Good"""," Amazon Customer, 8 February 2016"
5/5:,"""Good product and service."""," Pankaj, 8 February 2016"
4/5:,"""Good"""," Amazon Customer, 8 February 2016"
5/5:,"""super .worth price"""," Amazon Customer, 8 February 2016"
4/5:,"""good product."""," roshan Kalyani, 8 February 2016"
1/5:,"""Did not get the product, but it was showing delivered. Dhoka hai yeh, GUNAAH hai yeh"""," Narendra gachchi, 8 February 2016"
5/5:,"""best service"""," shashi k., 8 February 2016"
5/5:,"""excellent"""," Anjali Dixit, 8 February 2016"
3/5:,"""its nice"""," sreelekha vinod, 8 February 2016"
5/5:,"""Good product and service."""," Pankaj, 8 February 2016"
4/5:,"""Good"""," Amazon Customer, 8 February 2016"
5/5:,"""Fast delivery. Nice product"""," suraj, 8 February 2016"
5/5:,"""Good seller"""," Dhirendra Kumar Singh, 8 February 2016"
5/5:,"""all the best"""," Vasudeva Rao, 8 February 2016"
5/5:,"""Good Product @Rs.499"""," RAJESH JAJALA, 8 February 2016"
5/5:,"""Phone is really good at this price considering the specification compared to other phone............
Only problem i see in this phone is it takes more time to get it charged than as compared to other phones........
But i would suggest best phone at this price....Go for it right now......."""," venkatesh , 8 February 2016"
5/5:,"""Super product. This is my second one from Kindle. Love it..."""," Reading glass, 8 February 2016"
5/5:,"""good"""," sandeep b., 8 February 2016"
5/5:,"""good service"""," Jishnu , 8 February 2016"
"<span style=""text-decoration:line-through"">2/5</span>","""delayed delivery. cannot contact Amazon people over phone"""," irshadullakhan s., 8 February 2016",<b>Message from Amazon:</b>
5/5:,"""Good"""," Mridul , 8 February 2016"
5/5:,"""I am satisfied"""," durairaj , 8 February 2016"
4/5:,"""Dear Sir/Madam,

I have received above said parcel, but when I opened it I found that inside box seal was broken. So I have doubt on quality of the product!!

Please suggest action forward!!

Regards,

Anil MALI."""," Anil M., 8 February 2016"
5/5:,"""Reached on time, No damage"""," Kumar , 8 February 2016"
5/5:,"""awesome product"""," Amazon Customer, 8 February 2016"
5/5:,"""on time delivery"""," Amazon Customer, 8 February 2016"
5/5:,"""good"""," Amazon Customer, 8 February 2016"
5/5:,"""Very good"""," Ravi K., 8 February 2016"
5/5:,"""Good Product at cheap rate. i have read comments and many people are saying its duplicate or inferior quality.i am purchasing it from store as well as from other online portal.. i dont find any difference between pamper product provided by amazon and store product.i have purchased from amazon twice earlier also for my twins. its original product and will buy again if i get low rate at amazon.."""," paresh, 8 February 2016"
4/5:,"""Service was good"""," shivesh k., 8 February 2016"
5/5:,"""good"""," Amazon Customer, 8 February 2016"
4/5:,"""Good work"""," Rajendra K., 8 February 2016"
5/5:,"""Good work"""," Rajendra K., 8 February 2016"
5/5:,"""Good work"""," Rajendra K., 8 February 2016"
4/5:,"""V. Good processes.
 Thank you Amazone"""," Amazon Customer, 8 February 2016"
4/5:,"""Thanks for the speedy delivery."""," Ritu S., 8 February 2016"
5/5:,"""Excellent"""," AJAY KUMAR, 8 February 2016"
4/5:,"""Multiple messages were there that it will be cancelled, still it came"""," Nipun, 8 February 2016"
4/5:,"""Good"""," Gopiram, 8 February 2016"
5/5:,"""The seller sent the product as mentioned online. This is definitely better than my earlier experience with a SnapDeal vendor."""," Amazon Customer, 8 February 2016"
5/5:,"""Good and efficient service."""," Dr. A., 8 February 2016"
5/5:,"""service is good but i request for speedy service that the order will get maximum 4 days"""," sanjay m., 8 February 2016"
4/5:,"""good service"""," balakrishna , 8 February 2016"
4/5:,"""Good one"""," Anil sahu, 8 February 2016"
5/5:,"""DELIVERY IS NOT ON TIME AS DESCRIBED"""," Pramod Kumar Jain, 8 February 2016"
5/5:,"""good delivery"""," Gopinath R., 8 February 2016"
5/5:,"""Looking good, Receiving with safe and Cool"""," Gokulakrishnan R., 8 February 2016"
3/5:,"""Screen guard not received. Kindly deliver ASAP."""," kapil datt, 8 February 2016"
3/5:,"""not decent I epected...screen size is small...finger print scanner is very quick"""," Vishnu , 8 February 2016"
4/5:,"""good product delivered on time but delivery charge for one day delvery is high"""," J.LIVINGSTON, 8 February 2016"
5/5:,"""Product arrived before the estimated date of delivery. Product was exactly as shown on the Amazon page. Nice work out there.!"""," Jyotishka Mukherjee, 8 February 2016"
5/5:,"""Fisher price has maintained its quality. Good product at discounted price."""," Amazon Customer, 8 February 2016"
5/5:,"""The product arrived much before than i expected. and the product lives up to the expectation."""," Amit J., 8 February 2016"
5/5:,"""Great product and best price"""," Tushar, 8 February 2016"
4/5:,"""good"""," shohail , 8 February 2016"
5/5:,"""Nice Deal"""," Tushar, 8 February 2016"
5/5:,"""Nice Deal"""," Tushar, 8 February 2016"
5/5:,"""As promised."""," Chaitanya P., 8 February 2016"
5/5:,"""Excellent"""," GOVIND OBEROI, 8 February 2016"
5/5:,"""Excellent"""," GOVIND OBEROI, 8 February 2016"
3/5:,"""expensive then market,discount should be more to reduce the price"""," chandreshwar sahai bhargava, 8 February 2016"
4/5:,"""superb"""," Amazon Customer, 8 February 2016"
5/5:,"""Seller did a fantastic work by delivering the product just within 24 hours. Great work by Amazon as well. 
Though there continues to be a problem with the fingerprint sensor of the device. It's not 100% accurate. Lags many a times."""," umesh, 8 February 2016"
1/5:,"""poor game did not work."""," Amazon Customer, 8 February 2016"
3/5:,"""OK product thanksgiving amazon"""," Amazon Customer, 8 February 2016"
3/5:,"""Excellent"""," Amazon Customer, 8 February 2016"
3/5:,"""Excellent"""," Amazon Customer, 8 February 2016"
1/5:,"""This was my 1st order from amazon and my experience is very bad.there was some liquid dropped inside the plastic bag which made the dress dirty. The dress got some bad spots because of that liquid. U guyz are so careless."""," krittika basak, 8 February 2016"
5/5:,"""Value for money! 200 GBs of Onedrive is a bonus.
Highly recommended!"""," Amazon Customer, 8 February 2016"
4/5:,"""Good packaging and prompt delivery"""," Sats, 8 February 2016"
4/5:,"""i have received the item in safe manner.."""," Amazon Customer, 8 February 2016"
5/5:,"""Excellent service. Product met my expectations and was delivered before date"""," sandra, 8 February 2016"
3/5:,"""I ordered this colour and u give me a change colour jaket so i m not happy.
Good day"""," Purvi , 8 February 2016"
4/5:,"""I am using this product for clos to two years. My dog really likes this."""," S NIRANJAN KUMAR, 8 February 2016"
5/5:,"""perfect"""," M K., 8 February 2016"
5/5:,"""very pleased!!!!!"""," Bobbish, 8 February 2016"
5/5:,"""hey its nice item"""," brijeshdave , 8 February 2016"
5/5:,"""cheap and very best"""," Amazon Customer, 8 February 2016"
4/5:,"""good"""," Atul K., 8 February 2016"
5/5:,"""GOOD NETWORK"""," BUTCHIRAJU , 8 February 2016"
4/5:,"""good"""," Atul K., 8 February 2016"
3/5:,"""Shoes are not comfortable to wear"""," Rakesh S., 8 February 2016"
4/5:,"""worth the price."""," basu j., 8 February 2016"
5/5:,"""Product and delivery time everything is awesome."""," Aditya, 8 February 2016"
5/5:,"""I have shifted my online shopping en-devours from FlipKart to Amazon now. Need i say more...... And yes i love the product too. Keep up the good service Amazon."""," Jagjot Bedi, 8 February 2016"
5/5:,"""Good"""," Syed R., 8 February 2016"
2/5:,"""It takes so delay in delivery change ur courier vendor"""," JIJO YOHANNAN, 8 February 2016"
5/5:,"""Good service by Amazon"""," Mamta Manchanda, 8 February 2016"
5/5:,"""excellent"""," Amazon Customer, 8 February 2016"
3/5:,"""i haven't receive the refund what is the status"""," Nitin K., 8 February 2016"
5/5:,"""Item delivered on time. Much Appreciated!"""," S M., 8 February 2016"
4/5:,"""Ordered Jacket arrived on time.
The product is of good quality."""," Bhavi C Solanki, 8 February 2016"
5/5:,"""Good service Good product Good Price"""," EZAZ, 8 February 2016"
1/5:,"""Courier service was bad & not even deliver & return the item"""," Amazon Customer, 8 February 2016"
5/5:,"""Excellent packing, item received in perfect condition. Yet to get them fitted in my house but should work."""," Rajesh K., 8 February 2016"
5/5:,"""Quick delivery - much before the date estimated by the seller. Happy with the service :) Product and packaging were as per expectations :)"""," Kavya, 8 February 2016"
5/5:,"""Nice phone from lennovo"""," Devdatta G., 8 February 2016"
"<span style=""text-decoration:line-through"">1/5</span>","""Item amazon kindle has no been delivered to relax inn beach rd Patnem S Goa It is 4 days late and now 14 days since placing the order Please advise Peter W"""," Peter W., 8 February 2016",<b>Message from Amazon:</b>
"<span style=""text-decoration:line-through"">1/5</span>","""I donot know why the delivery boy never cntacts me when he comes, and simply cancels my order. Please, please, its a humble request to you that plz tell your delivery boy to contact me, i need the order that I have placed."""," rashmi c., 8 February 2016",<b>Message from Amazon:</b>
5/5:,"""Nice seller. Packet arrived before date of delivery.."""," Amazon Customer, 8 February 2016"
5/5:,"""Excellent delivery schedule, cable is pretty long as required."""," psk, 8 February 2016"
5/5:,"""Received before expected date. Excellent service from amazon."""," RAJESH HONAMORE, 8 February 2016"
5/5:,"""good product..all u need to do is pre cut the veggies into a smaller size and then cut it using this cutter"""," batika , 8 February 2016"
2/5:,"""Not a good phone, as suggested.
On second day itself I started facing software problem on the phone."""," Satbir Singh, 8 February 2016"
5/5:,"""One of my the sellers I always shop with considering their great service and product quality"""," Wayne, 8 February 2016"
5/5:,"""its a good product...worth buying :)"""," batika , 8 February 2016"
5/5:,"""Consistent....."""," Amazon Customer, 8 February 2016"
4/5:,"""nice product same as described"""," Indrajeet C., 8 February 2016"
4/5:,"""Good"""," Naresh, 8 February 2016"
3/5:,"""overall OK experience"""," Saumil N., 8 February 2016"
4/5:,"""Quality of the product is good and easy to use. However, product is unable to give correct reading for weight less than 5 kg. Range of accuracy and precision of the product shall be improved."""," SUPRIYA, 8 February 2016"
2/5:,"""Packing: 0 star!
1)Fragile symbol on Manufacturer box; Amazon's outer carton box has no 'fragile/ handle with care instructions'
2) Contrary to Orpat recommendation of vertical upright storage, the product has been packed in a horizontal position. No handling special instructions on package for logistics carriers - 'Fragile/ handle with care' sticker was NOT affixed on outer carton!"""," V, 8 February 2016"
1/5:,"""one ball is damage."""," amit, 8 February 2016"
5/5:,"""Great Packing in a box, original product - great service"""," Navin N., 8 February 2016"
5/5:,"""Excellent"""," dibyajyoti M., 8 February 2016"
5/5:,"""Excellent product"""," Abhijeet, 8 February 2016"
5/5:,"""Amazon is the best online shopping app"""," Sanket R., 8 February 2016"
5/5:,"""Really an Awesome product.No need to apply more than one time"""," prangya, 8 February 2016"
4/5:,"""Arrived one day late."""," Sanchita Dasgupta, 8 February 2016"
5/5:,"""Same as it described by the seller."""," vatsal patel, 8 February 2016"
4/5:,"""good"""," venkatesh , 8 February 2016"
5/5:,"""very prompt delivery"""," CHANDRASEKARAN S, 8 February 2016"
2/5:,"""Facing issue in connecting Wifi with BSNL modem only.what to do ??"""," SUSHIN.S, 8 February 2016"
1/5:,"""poor service"""," alka, 8 February 2016"
5/5:,"""Great service by Amazon. Value for your money. Good to buy"""," Kiran Patel, 8 February 2016"
5/5:,"""good product"""," Shashi chauhan, 8 February 2016"
5/5:,"""On Time Delivery"""," Vijay A., 8 February 2016"
5/5:,"""As descrived"""," Mahesh Chikane, 8 February 2016"
4/5:,"""good"""," DELGIN P., 8 February 2016"
5/5:,"""The product was as described, and is very comfortable to use. I am very happy with the purchase."""," Cyrus J., 8 February 2016"
5/5:,"""very good service"""," BAIDYANATH S., 8 February 2016"
5/5:,"""good"""," Gopal , 8 February 2016"
5/5:,"""Nice seller"""," shabana shaikh, 8 February 2016"
4/5:,"""good"""," Amazon Customer, 8 February 2016"
3/5:,"""Lids of containers are pressed so containers look like used"""," Amazon Customer, 8 February 2016"
5/5:,"""Amazon was best ever......
And Amazon's All the seller was also best ever......

Good Experience with amazon........"""," Vishal , 8 February 2016"
5/5:,"""good"""," Gopal , 8 February 2016"
2/5:,"""The device which received has problem low voice while talking phone calls."""," Rajesh, 8 February 2016"
1/5:,"""Dear Sir, we purchase the product with lot of hopes. Product received on time but not up to the mark. Before use, we washed the product by cold water. Bed sheet dimension and colour are different than given. The given yellow is orange and dimension is very small, I am disappointed by Product. Please suggest the way forward."""," manojkumar, 8 February 2016"
4/5:,"""good one"""," raghavandra, 8 February 2016"
3/5:,"""Actually i want to edit this with Micromax Juice 2 AQ5001"""," Amazon Customer, 8 February 2016"
4/5:,"""Good offer"""," Arif B., 8 February 2016"
5/5:,"""very good product , took a bit of time but we were aware of that. 
Thank you"""," Mohit, 8 February 2016"
5/5:,"""Prompt service"""," Rabi, 8 February 2016"
5/5:,"""Genuine UCB jacket, good quality. No problem with product. Highly satisfied with product."""," amazon customer, 8 February 2016"
4/5:,"""Hi,
Please let me know about the current status of my order. The status visible on the website is 3 days old.
Thanks"""," Alok K., 8 February 2016"
5/5:,"""Excellent service"""," Ajay G., 8 February 2016"
5/5:,"""Good service"""," prabhakar k., 8 February 2016"
1/5:,"""item defected mila"""," Chandrapal Patel, 8 February 2016"
3/5:,"""nice"""," shaan , 8 February 2016"
5/5:,"""Product is good. I have not yet used but overall i found to be satisfatory.
Secondly with Lenovo K4 note which i purchased, i have not got the screen gaurd. kindly see if this can be send. as it is required to protect the glass.
Otherwise all transaction was good and i was very much happy."""," Amazon Customer, 8 February 2016"
5/5:,"""good"""," R.K.SINGH, 8 February 2016"
5/5:,"""Too product..should go for it"""," Haresh Muliya, 8 February 2016"
2/5:,"""The quality of the product is cheap. The capacity of the containers is also low, not as shown in the pictures."""," Amazon Customer, 8 February 2016"
5/5:,"""good"""," Manoj H., 8 February 2016"
4/5:,"""Received in time.Good phone."""," Kiran Billade, 8 February 2016"
5/5:,"""good shoes as shown in pic"""," Ruchi Doshi, 8 February 2016"
5/5:,"""I ordered this for my wife. She liked it very much. What I like most is the prompt delivery. Thanks Amazon.."""," Karun, 8 February 2016"
5/5:,"""Good service"""," Sonal A., 8 February 2016"
5/5:,"""this product is really good"""," Rajendran , 8 February 2016"
5/5:,"""Quality of the product is very good and recommended other. Brush is not self cleaning type hence; removeing hair from brush every time you use it is a problem."""," SUPRIYA, 8 February 2016"
5/5:,"""Product is good, & its heated quickly."""," saikat, 8 February 2016"
5/5:,"""Product is good, & its heated quickly."""," saikat, 8 February 2016"
1/5:,"""card is not work in proper condition, card insert in mobile after that card is not detected in mobile, and card as it is in same condition as sent by merchant"""," Amazon Customer, 8 February 2016"
3/5:,"""Please deliver it by tomorrow morning"""," harsha p., 8 February 2016"
4/5:,"""Good Product. Great deal :)"""," Krishnan Unni, 8 February 2016"
5/5:,"""worth every penny.
good product.
keeps hot for 3-5 hrs"""," Puneesh, 8 February 2016"
5/5:,"""nice"""," Mitadru B., 8 February 2016"
5/5:,"""Very Nice Product"""," Amazon Customer, 8 February 2016"
5/5:,"""Good products and quick delivery..awesome experience."""," srinivas, 8 February 2016"
4/5:,"""I had to contact the delivery person on my own"""," Swastik Paul, 8 February 2016"
3/5:,"""V GOOD ITEM AND SERVICE WILL BE GOOD"""," nikitha, 8 February 2016"
5/5:,"""V GOOD ITEM AND SERVICE WILL BE GOOD"""," nikitha, 8 February 2016"
5/5:,"""Nice Product"""," viju, 8 February 2016"
5/5:,"""V GOOD ITEM AND SERVICE WILL BE GOOD"""," nikitha, 8 February 2016"
5/5:,"""its speed is considerably good."""," Shashank M., 8 February 2016"
5/5:,"""Satisfied with product as well as delivery."""," Deepak Sugandhi, 8 February 2016"
3/5:,"""good quality"""," ananth, 8 February 2016"
5/5:,"""............................"""," GIRIRAJ K., 8 February 2016"
3/5:,"""packages not done properly"""," nandhakumar , 8 February 2016"
4/5:,"""Good product and amazing packing and service by Amazon."""," Sumit Kumar, 8 February 2016"
5/5:,"""On time"""," Amazon Customer, 8 February 2016"
5/5:,"""Thanks for amazon to delivery on time, item is good"""," G JAYABARATHA, 8 February 2016"
5/5:,"""great products at nice discounts :)"""," Makarand Koparkar, 8 February 2016"
1/5:,"""I have received only package, but inside there is no item available. Delivered empty package. Registered complaint in amazon. Please deliver the product within 2 days."""," Balaji, 8 February 2016"
5/5:,"""My cousin loves it !! Thanks"""," alph.seon, 8 February 2016"
5/5:,"""Thanks !"""," alph.seon, 8 February 2016"
5/5:,"""Good show! Amazing,really fast service.Product deliver in just 15 hour which I expecting later in the evening.really a good job."""," Ansari Z., 8 February 2016"
5/5:,"""nice one!!"""," Amazon Customer, 8 February 2016"
5/5:,"""best"""," Amazon Customer, 8 February 2016"
3/5:,"""Why Sudden increase in Price, really bad..."""," Amazon Customer, 8 February 2016"
3/5:,"""didn't like the fitting."""," Dhara, 8 February 2016"
"<span style=""text-decoration:line-through"">1/5</span>","""Not at all received the item."""," Subhankar, 8 February 2016",<b>Message from Amazon:</b>
5/5:,"""All good"""," Rana T., 8 February 2016"
5/5:,"""Fast delivery and quality of bag is very good"""," Sharwari S., 8 February 2016"
5/5:,"""nfgnfd"""," A a., 8 February 2016"
1/5:,"""olz my refund"""," Amazon Customer, 8 February 2016"
5/5:,"""Received the product as shown in the product descriptions, very good quality body and transfer speed is also good."""," Amazon Customer, 8 February 2016"
5/5:,"""good product and service"""," Amazon Customer, 8 February 2016"
5/5:,"""nice one!!"""," Amazon Customer, 8 February 2016"
4/5:,"""H"""," amit k., 8 February 2016"
5/5:,"""Good service."""," harpreet sabarwal, 8 February 2016"
5/5:,"""Good diaper..... The best pants I've used"""," Priya, 8 February 2016"
4/5:,"""product is good and service was good"""," sundarajkotian, 8 February 2016"
5/5:,"""Very good."""," ranjith , 8 February 2016"
4/5:,"""Service is Good, Happpyyyyyyyyyyyy"""," Joginder N., 8 February 2016"
5/5:,"""Excellent service& response"""," Rasharkin an.g, 8 February 2016"
5/5:,"""mast hai........... cha gaye *"""," ghanshyaam, 8 February 2016"
2/5:,"""Size small. Return is not easy in Amazon. Once selling is confirmed by amazon, it withdraws responsibility. You have to send item to amazon with your own risk by wasting time. Repeatedly requested. But amazon not ready to pick-up. Amazon also not ready to pay courier private charges . Only speed post"""," sanchita das, 8 February 2016"
1/5:,"""I received 1 pack of brooke bond red lable tea , 500g with damage. The inside pouch of the pack is not sealed. The Amazon should be  delivere the quality items without damaged items. Right now I am not returning this package because of it will take more time to deliver the replacement package."""," Srisailam M., 8 February 2016"
4/5:,"""No issues,Good"""," Nicko, 8 February 2016"
4/5:,"""good one"""," Supriya Bote, 8 February 2016"
5/5:,"""excellent"""," Amazon Customer, 8 February 2016"
4/5:,"""Very good quality trouser. Kind of tight fit but not too narrow."""," mohan rohal, 8 February 2016"
4/5:,"""Good experience"""," Amazon Customer, 8 February 2016"
1/5:,"""Till today i din't receive the package, but i got the message that "" Successfully delivered the Package."". Poor Courier service by India Post."""," Srisailam M., 8 February 2016"
5/5:,"""everything was good"""," Amazon Customer, 8 February 2016"
5/5:,"""Excellent fit....."""," Amazon Customer, 8 February 2016"
1/5:,"""Very bad product"""," Amazon Customer, 8 February 2016"
5/5:,"""very good"""," BAJARE A., 8 February 2016"
4/5:,"""Good product"""," Amazon Customer, 8 February 2016"
5/5:,"""The packaging was good. The product was as expected. Awesome service and Brand New product in a perfect condition. Highly recommended. FIFAAAAA lOVE ForEverRRRRRRR"""," vinay, 8 February 2016"
5/5:,"""I ordered this phone after using the MI Note pro for more than 6 months, but it turned into a paper weight after a certain update from MI locked the bootloader.  
Any ways am really happy with the device.....the only issue being oxygen os , which seems a lil buggy at times. But there is always a custom rom to flash....over all very satisfied.."""," Amazon Customer, 8 February 2016"
5/5:,"""Excellent"""," Amazon Customer, 8 February 2016"
4/5:,"""Fabric and style are good, belt is also given with the trouser."""," mohan rohal, 8 February 2016"
5/5:,"""Good in delivery and more positive
Amazon is the best"""," Bhaskar R., 8 February 2016"
5/5:,"""Very Good"""," Naveen K., 8 February 2016"
4/5:,"""Service was prompt as per scheduled. Materials seems good."""," Sathian N., 8 February 2016"
4/5:,"""Good quality Cargo pant."""," mohan rohal, 8 February 2016"
5/5:,"""awesome package with good condition"""," Amazon Customer, 8 February 2016"
3/5:,"""Fit is two narrow like a Chino."""," mohan rohal, 8 February 2016"
4/5:,"""The product is in small size."""," Amazon Customer, 8 February 2016"
5/5:,"""Excellent service from AMAZON"""," R. JAYARAM, 8 February 2016"
4/5:,"""good one"""," nirmal g., 8 February 2016"
5/5:,"""Fully satisfied with this shorts .."""," gnanaprakash, 8 February 2016"
4/5:,"""thank you for your satisfactory  service"""," Amazon Customer, 8 February 2016"
5/5:,"""Prompt service, good strong packing."""," Rajusuchde, 8 February 2016"
5/5:,"""good"""," NIVY ABRAHAM, 8 February 2016"
5/5:,"""Precilla Fernandes"""," Sabita C., 8 February 2016"
5/5:,"""Amazon provided good shopping experience."""," Amazon Customer, 8 February 2016"
5/5:,"""excellent"""," Amazon Customer, 8 February 2016"
5/5:,"""Satisfied with the product, worth with given price.excellent"""," Pallavi D., 8 February 2016"
4/5:,"""Good"""," Amazon Customer, 8 February 2016"
4/5:,"""GOOD"""," biswajit biswas, 8 February 2016"
4/5:,"""please send me fast"""," Rajshekar, 8 February 2016"
5/5:,"""Received the parcel in good condition"""," Niyati B., 8 February 2016"
5/5:,"""Really Awesome Herbel Product I love It"""," Purshottam, 8 February 2016"
4/5:,"""Nice"""," Amazon Customer, 8 February 2016"
5/5:,"""Nice product
100% original BOSCH product"""," Pawan Singh, 8 February 2016"
4/5:,"""ok"""," bonu akkayya naidu, 8 February 2016"
5/5:,"""Received the parcel in good condition"""," Niyati B., 8 February 2016"
5/5:,"""Good"""," Amazon Customer, 8 February 2016"
5/5:,"""As always I simply love purchasing from amazon have almost stopped using other online services for purchasing goods. Good product baby's skin do not get dried using this product. Will recommend it to everyone."""," vickrant, 8 February 2016"
4/5:,"""Nice"""," KIRITI BHUSAN DEY, 8 February 2016"
5/5:,"""excellent as always, Cloudtail never disappoints, good product with prompt delivery. Thank you. The phone is very much worth the money spent, a basic phone at a basic cost, VFM product."""," Amazon Customer, 8 February 2016"
5/5:,"""I liked the curtains.Very nice."""," Yamini M., 8 February 2016"
4/5:,"""good..."""," Pavan p., 8 February 2016"
5/5:,"""Good quality wollen material... and very stylish :-)"""," Ajay, 8 February 2016"
4/5:,"""small in size, but quality is good"""," Pawan Singh, 8 February 2016"
2/5:,"""Not that great compared to other Aurelia Kurta's"""," Amazon Customer, 8 February 2016"
5/5:,"""Great"""," sarath , 8 February 2016"
4/5:,"""Dear Concern, I did not received ear phone along with this package, and the real concern is while charging the battery and speaking over phone for long time, the phone is getting warm and also while charging the phone charger also gets warm. pls suggest."""," Sanjay , 8 February 2016"
1/5:,"""I didnt get the order and I called the delivery boy several times but no response,Just hate amazon"""," PRANJALI SRIVASTAVA, 8 February 2016"
5/5:,"""Received the parcel in good condition"""," Niyati B., 8 February 2016"
5/5:,"""100% original item, Love ur Store"""," Pawan Singh, 8 February 2016"
4/5:,"""Good quality products and quick service."""," Yamini M., 8 February 2016"
5/5:,"""Delivered next day (worth the Rs 100 charged extra). Using it with ACT internet - excellent performance so far,"""," Ramesh S., 8 February 2016"
5/5:,"""Very nice"""," Amazon Customer, 8 February 2016"
5/5:,"""Anazingly Amazon experience. great product and prompt timely delivery, for all the 3 orders.

Will force me to come back for more."""," Naveen Raj, 8 February 2016"
3/5:,"""Over All good"""," bhupender s., 8 February 2016"
2/5:,"""First order before exchange was delivered late."""," chandrakanth, 8 February 2016"
5/5:,"""Nyc looking lappy"""," Amazon Customer, 8 February 2016"
5/5:,"""Great Himalaya Product, Like ur store"""," Pawan Singh, 8 February 2016"
4/5:,"""Good product"""," Vipul V, 8 February 2016"
5/5:,"""My experience is just awesome"""," Sonakshi , 8 February 2016"
3/5:,"""Did not get a full refund when i returned the item as it was purchased by mistake."""," Sudhir Leo, 8 February 2016"
5/5:,"""need agin"""," shijo, 8 February 2016"
3/5:,"""The item was sent by India Post which created a little problem.  Had to visit Post Office to collect the item."""," Kamal Kumar Gupta, 8 February 2016"
2/5:,"""they are very tight to wear"""," Amazon Customer, 8 February 2016"
5/5:,"""Very good"""," keerthi , 8 February 2016"
5/5:,"""very good"""," shijo, 8 February 2016"
5/5:,"""Great service even for a remote area."""," Gambhir, 8 February 2016"
5/5:,"""Good!!"""," johnson, 8 February 2016"
4/5:,"""4"""," Amazon Customer, 8 February 2016"
5/5:,"""nil"""," Hari, 8 February 2016"
5/5:,"""Good"""," Gajanan , 8 February 2016"
5/5:,"""nice experience with amazon"""," Yogesh K., 8 February 2016"
4/5:,"""Good product"""," Amazon Customer, 8 February 2016"
5/5:,"""Good"""," Kamal Kumar Gupta, 8 February 2016"
2/5:,"""Poor quality material. Broken within two days. My Son is very much disappointed."""," Ayisha, 8 February 2016"
4/5:,"""It was good."""," yesha s., 8 February 2016"
4/5:,"""very prompt service."""," Paramjeet S., 8 February 2016"
"<span style=""text-decoration:line-through"">3/5</span>","""Item arrived 3 days late"""," Harshad , 8 February 2016",<b>Message from Amazon:</b>
5/5:,"""Excellent Service"""," Anil , 8 February 2016"
4/5:,"""Good quality"""," Amazon Customer, 8 February 2016"
5/5:,"""good"""," v.v.rao, 8 February 2016"
5/5:,"""Good"""," sathyaraj , 8 February 2016"
5/5:,"""good service"""," Dr J., 8 February 2016"
5/5:,"""Good one"""," Anil V Nadh, 8 February 2016"
4/5:,"""good service keep it up!!!!!!!!"""," subbarao , 8 February 2016"
1/5:,"""still i am waiting for my refund for this order..amazon is good but sellers are not up to the mark."""," Pramod, 8 February 2016"
4/5:,"""Nivea deo containers were shabbily sealed with tape...which is unusual for an international brand. Hope it is not a fake."""," mukund v pathak, 8 February 2016"
5/5:,"""Nice"""," Praveen Raj, 8 February 2016"
4/5:,"""good"""," Prasanna J., 8 February 2016"
5/5:,"""nice and working good"""," RAMASUBRAMANIAN  K, 8 February 2016"
5/5:,"""excellent sound system. use it laptop, desktop or phone. good quality sound."""," Amazon Customer, 8 February 2016"
5/5:,"""thanks"""," mohit s., 8 February 2016"
4/5:,"""nice and good"""," Atul, 8 February 2016"
5/5:,"""AMAZON IS AMAZING...."""," Amazon Customer, 8 February 2016"
4/5:,"""good"""," Munawwar Ahamed, 8 February 2016"
4/5:,"""nice and good"""," Atul, 8 February 2016"
4/5:,"""Good and timely service.  Product is as described."""," Arjun, 8 February 2016"
5/5:,"""Excellence !!"""," Umashankar , 8 February 2016"
5/5:,"""good"""," K VENKATESH MURTHY, 8 February 2016"
3/5:,"""goog product."""," srinivas cena, 8 February 2016"
5/5:,"""very excellent service"""," RAJENDRA T PRABHU, 8 February 2016"
4/5:,"""good item"""," SOUBHAGYA KUMAR DALAI, 8 February 2016"
5/5:,"""competatively priced"""," rakesh t., 8 February 2016"
5/5:,"""Excellent"""," Sharfun , 8 February 2016"
5/5:,"""Very good"""," Amardeep A., 8 February 2016"
5/5:,"""Good one"""," SS, 8 February 2016"
5/5:,"""it was a bargain price as at other sites it was for 1200 rs more"""," rakesh t., 8 February 2016"
1/5:,"""Product has some packing issue,the powder has come out from package"""," Kiran, 8 February 2016"
4/5:,"""Colour is little bit different otherwise very comfortable one."""," SS, 8 February 2016"
5/5:,"""Could be delivered earlier"""," Kiran, 8 February 2016"
1/5:,"""i have order full length cable but got the delivery of short cable , let down by ur service"""," Rajthakur , 8 February 2016"
4/5:,"""best item"""," SOUBHAGYA KUMAR DALAI, 8 February 2016"
5/5:,"""The experience was good and received the requested item within the timelines provided."""," Makarand , 8 February 2016"
5/5:,"""Keep it up Guys!"""," Sudhanshu Surma, 8 February 2016"
5/5:,"""good service"""," babu padmanabhan, 8 February 2016"
1/5:,"""Very small, not useful for 4th std. kids"""," Raj Kumar Mishra, 8 February 2016"
4/5:,"""This thaak hain."""," Pawan Kalia, 8 February 2016"
4/5:,"""Size issue"""," Vaibhav, 8 February 2016"
5/5:,"""Yes well satisfied"""," Kathirvel S., 8 February 2016"
5/5:,"""Excellent"""," Ruby, 8 February 2016"
5/5:,"""We want the item today (08.02.2016) for the send off party to gift by 11 AM without fail. CMR college is in the centre of the city. Pl. inform the courier people to call us immediately."""," Mani The Amazed Customer, 8 February 2016"
5/5:,"""very nice"""," Amazon Customer, 8 February 2016"
5/5:,"""It's Good"""," Yogish Kumar G, 8 February 2016"
3/5:,"""disappointed did not get the offer as given.Please give the correct mrp price"""," satya v., 8 February 2016"
5/5:,"""At first when the package arrived and i opened it i was regretting as to why i brought it online since it was disassembled. But when i started assembling it was ready in minutes. When my kid sat on the car, i thought it would break after some time since my kid is very naughty and loves banging into walls and hitting things. But the product is very hardy and is of good quality."""," Rajat K., 8 February 2016"
4/5:,"""Good"""," MOUMITA K., 8 February 2016"
4/5:,"""i am Happy with the service provided but the studs of most of the players in the game is invisible"""," nihaal , 8 February 2016"
5/5:,"""Amazon is amazing my experience with them was really xxxxccccllnntttt."""," Shyam , 8 February 2016"
5/5:,"""good product. timely arrived"""," Amazon Customer, 8 February 2016"
5/5:,"""Its good...item arrived before expected date."""," Mohammed N., 8 February 2016"
5/5:,"""Excellent service and the technology used for tracking is one of the best"""," SREENIVAS , 8 February 2016"
5/5:,"""Awesome"""," Mohammad Wasim Khan, 8 February 2016"
4/5:,"""Good seller"""," javed , 8 February 2016"
4/5:,"""Worth to buy.."""," Digvijay, 8 February 2016"
4/5:,"""good delivery and nice product"""," Amazon Customer, 8 February 2016"
5/5:,"""Good stuff"""," Douglas V., 8 February 2016"
5/5:,"""nice service"""," SAMARBAHADUR S., 8 February 2016"
4/5:,"""Great"""," Manish Agarwal, 8 February 2016"
4/5:,"""good looking skirt at a great price. good service by amazon"""," kate, 8 February 2016"
1/5:,"""the courier services (GATI) are crap. They returned the item without checking the proper address and contact the on th registered number. This never happened before for any online shipment with me. But the courier services have not updated  their pincode list and misguided us whenever i tried to know the status of my shipment."""," Swati S., 8 February 2016"
5/5:,"""As usual, excellent service from Amazon!!!"""," Deepak Thangaraj, 8 February 2016"
5/5:,"""Excellent delivery"""," prasad , 8 February 2016"
5/5:,"""The items arrived on time, as per order."""," Amazon Customer, 8 February 2016"
3/5:,"""not that much useful for uses other than boiling water"""," Johny, 8 February 2016"
4/5:,"""good"""," SANTOSH T., 8 February 2016"
4/5:,"""Good Service by the seller."""," Amazon Customer, 8 February 2016"
5/5:,"""Excellent night-lamp."""," Raj Sinha Roy, 8 February 2016"
5/5:,"""Prompt Service"""," Mr., 8 February 2016"
3/5:,"""Good service"""," Amazon Customer, 8 February 2016"
5/5:,"""good service."""," ayyub , 8 February 2016"
4/5:,"""not experienced any problem till now. Camera is not so good as mentioned by the advertisement"""," Johny, 8 February 2016"
3/5:,"""don't take delivery charges when you organize sale......"""," shreyansh j., 8 February 2016"
4/5:,"""Good."""," Muhammed S., 8 February 2016"
5/5:,"""Great Product and awesome service by Amazon."""," Amazon Customer, 8 February 2016"
5/5:,"""Great product, extremely good pricing."""," trishikh dasgupta, 8 February 2016"
5/5:,"""i got this package before 27 jan 2016"""," kiran , 8 February 2016"
"<span style=""text-decoration:line-through"">2/5</span>","""package arrived too late. i git this item on Feb 1, 2016. After I sent a mail to customer support."""," kiran , 8 February 2016",<b>Message from Amazon:</b>
4/5:,"""GOOD"""," Raghavendra, 8 February 2016"
5/5:,"""Prompt Service"""," Mr., 8 February 2016"
4/5:,"""It Was A Good Experience"""," Anupam R., 8 February 2016"
5/5:,"""as described shipped fast."""," ayyub , 8 February 2016"
5/5:,"""Book arrived on time."""," Sinecure, 8 February 2016"
4/5:,"""Lenovo k4 note is good after using fourdays. Heating issue. Camera quality average."""," RAJIB G., 8 February 2016"
5/5:,"""Good"""," Amazon Customer, 8 February 2016"
4/5:,"""Good item as desired, low price"""," siraj makhanawala, 8 February 2016"
4/5:,"""Good"""," siraj makhanawala, 8 February 2016"
5/5:,"""Nice Mobile, Value For Money, Like the screen clarity and sound clarity, sound is amazing, Decent Battery"""," Dhamodharabalaji R, 8 February 2016"
4/5:,"""Product was really good"""," Amazon Customer, 8 February 2016"
5/5:,"""Good"""," siraj makhanawala, 8 February 2016"
5/5:,"""Nice product"""," Subrahmanyam Nilla, 8 February 2016"
